city,county,zip,slug,lat,lng,nearby_cities,permit_office,permit_phone,permit_website,neighborhoods,city_note
Anaheim,Orange,92801,anaheim,33.8366,-117.9143,"Santa Ana, Fullerton, Garden Grove",Anaheim Building Division,(714) 765-5153,anaheim.net/1085/Building,"Anaheim Hills, Platinum Triangle, Colony District, West Anaheim",Anaheim permits are processed through the city's online portal. Pool and structure demolitions typically require a grading permit in addition to the standard demo permit. HOA approval is required in Anaheim Hills communities.
Santa Ana,Orange,92701,santa-ana,33.7455,-117.8677,"Anaheim, Irvine, Orange",Santa Ana Planning & Building Agency,(714) 647-5800,santa-ana.org/pba,"Downtown Santa Ana, Floral Park, Fairview Village, South Coast Metro","Santa Ana is a dense urban city with many pre-1980 structures — asbestos testing is required before any demolition. The city's building department processes permits quickly for residential projects, typically within 5-10 business days."
Irvine,Orange,92618,irvine,33.6846,-117.8265,"Santa Ana, Tustin, Lake Forest",City of Irvine Community Development,(949) 724-6000,cityofirvine.org/permits,"Woodbridge, Turtle Rock, Northwood, Quail Hill, Portola Springs",Irvine is a master-planned community with strict HOA oversight in most neighborhoods. All exterior demolition projects require HOA approval before the city will issue a permit. IUSD and city noise ordinances restrict demo hours to 7AM-8PM weekdays.
Orange,Orange,92868,orange,33.7879,-117.8531,"Anaheim, Santa Ana, Fullerton",City of Orange Building Division,(714) 744-7220,cityoforange.org/building,"Old Towne Orange, Villa Park border, Panorama Heights, Santiago Hills","Old Towne Orange is a historic district with special review requirements for any exterior demolition. Outside the historic core, permits are standard. Many older homes in Orange have asbestos and lead paint requiring pre-demo abatement."
Fullerton,Orange,92832,fullerton,33.8703,-117.9253,"Anaheim, Brea, Placentia",City of Fullerton Building & Safety,(714) 738-6547,cityoffullerton.com/build,"Downtown Fullerton, Sunny Hills, Amerige Heights, Hermosa Drive Corridor",Fullerton has a significant stock of 1950s-1970s residential properties. Pre-demolition asbestos surveys are strongly recommended. The city processes permits in-person and online; same-day over-the-counter permits are available for small interior demo projects.
Garden Grove,Orange,92840,garden-grove,33.7739,-117.9378,"Anaheim, Westminster, Santa Ana",Garden Grove Building & Safety,(714) 741-5200,ggcity.org/building,"West Garden Grove, Brookhurst Corridor, Little Saigon border, Stanford Square","Garden Grove has a mix of residential and light commercial properties, many built in the 1960s-70s. The city requires a separate grading permit for any work affecting drainage. Permits for pool demolition typically take 2-3 weeks."
Huntington Beach,Orange,92648,huntington-beach,33.6603,-118.0,"Costa Mesa, Newport Beach, Fountain Valley",Huntington Beach Building & Safety,(714) 536-5241,huntingtonbeachca.gov/residents/building,"Surf City, Bolsa Chica, Seacliff, Downtown HB, Huntington Harbour",Huntington Beach coastal properties may require California Coastal Commission review for exterior demolition near the shoreline. Interior and pool demolitions follow standard city permit process. HB enforces strict noise ordinances — demo allowed 7AM-8PM Mon-Sat only.
Costa Mesa,Orange,92626,costa-mesa,33.6411,-117.9187,"Irvine, Newport Beach, Huntington Beach",Costa Mesa Building Division,(714) 754-5276,costamesaca.gov/building,"Mesa Verde, Eastside, South Coast Metro, Westside",Costa Mesa has many older residential properties along its westside. The city has an active permit program and generally fast turnaround for residential demo permits. Mesa Verde HOA communities require board approval for exterior work.
Newport Beach,Orange,92660,newport-beach,33.6189,-117.9289,"Costa Mesa, Irvine, Laguna Beach",Newport Beach Community Development,(949) 644-3200,newportbeachca.gov/permits,"Balboa Island, Corona del Mar, Newport Heights, Big Canyon, Newport Coast",Newport Beach coastal and harbor properties are subject to Harbor Commission and Coastal Commission review. Interior demolitions on hillside or bay-adjacent properties require special grading review. Premium waterfront lots command higher permit fees.
Laguna Beach,Orange,92651,laguna-beach,33.5422,-117.7831,"Newport Beach, Aliso Viejo, Dana Point",Laguna Beach Building & Safety,(949) 497-0323,lagunabeachcity.net/city_hall/building,"Downtown Arts District, Arch Beach Heights, Temple Hills, North Laguna",Laguna Beach is in a high fire hazard severity zone — all demo projects near hillside areas require fire department clearance. Many properties are on steep lots requiring specialized equipment and additional safety measures.
Mission Viejo,Orange,92691,mission-viejo,33.6,-117.6719,"Lake Forest, Laguna Niguel, Aliso Viejo",City of Mission Viejo Building & Safety,(949) 470-3053,cityofmissionviejo.org/build,"Montiel, La Paz, Casta del Sol, Olympiad",Mission Viejo is predominantly HOA-governed. All exterior projects including pool removals require HOA approval before permit issuance. The city's senior population means many properties have pools installed in the 1970s-80s that are now past their useful life.
Lake Forest,Orange,92630,lake-forest,33.6469,-117.6891,"Irvine, Mission Viejo, Foothill Ranch",City of Lake Forest Building & Safety,(949) 461-3480,lakeforestca.gov/building,"Baker Ranch, Foothill Ranch, Portola Hills, El Toro",Lake Forest is home to many planned communities with active HOAs. The city merged portions of El Toro — older El Toro-area properties often have asbestos in textured ceilings and flooring. Permit applications are processed online through the city's permit portal.
Tustin,Orange,92780,tustin,33.7458,-117.8231,"Irvine, Santa Ana, Orange",City of Tustin Building Division,(714) 573-3120,tustinca.org/building,"Old Town Tustin, Tustin Legacy, Columbus Square, Laurelwood",Tustin Legacy (former Marine Corps Air Station) has unique redevelopment permit requirements. Old Town Tustin has a historic district with design review. Residential demolitions in standard neighborhoods follow typical OC permit timelines.
Westminster,Orange,92683,westminster,33.7514,-117.9939,"Garden Grove, Huntington Beach, Fountain Valley",City of Westminster Building & Safety,(714) 895-2876,westminster.ca.gov/building,"Little Saigon, Midway City border, Central Westminster, Starvation Flats",Westminster's commercial corridor along Bolsa Ave is densely developed. Many older residential properties (1950s-1970s) may contain asbestos materials. Residential pool removals are common as homeowners update aging backyard infrastructure.
Fountain Valley,Orange,92708,fountain-valley,33.7092,-117.9536,"Huntington Beach, Costa Mesa, Westminster",Fountain Valley Building & Safety,(714) 593-4446,fountainvalley.org/190/building,"Bushard Street Corridor, FV Recreation District, Mile Square area, Gisler area",Fountain Valley is a quiet residential community with mostly 1960s-80s single-family homes. Many properties have aging pools and hardscape. The city offers expedited permit review for projects that schedule inspections in advance.
Buena Park,Orange,90620,buena-park,33.8675,-117.9981,"Fullerton, Anaheim, La Palma",Buena Park Building & Safety,(714) 562-3620,buenapark.com/building,"Knott's Berry Farm area, Entertainment Corridor, Magnolia Park, Dale Street Corridor",Buena Park has a commercial entertainment zone and dense residential areas. Residential demolitions near the commercial corridor may have noise mitigation requirements. The city processes permits efficiently for standard residential projects.
La Habra,Orange,90631,la-habra,33.9319,-117.9462,"Fullerton, Brea, Whittier",City of La Habra Building & Safety,(562) 383-4120,lahabraca.gov/building,"La Habra Heights border, Central La Habra, Harbor Blvd Corridor, East La Habra",La Habra straddles the LA-Orange County border. Some addresses use Los Angeles County building jurisdiction. Confirm your city vs. county jurisdiction before permit application. Residential structures from the 1960s-70s are common and may require asbestos testing.
Brea,Orange,92821,brea,33.9167,-117.9,"Fullerton, Placentia, La Habra",City of Brea Building & Safety,(714) 990-7683,cityofbrea.net/building,"Olinda Ranch, Brea Hills, Central Brea, North Brea",Brea is positioned in a hillside area — properties on slopes may require geotechnical review before issuing demo permits. The city's oil field history means some older lots have abandoned wells that must be identified before ground disturbance.
Placentia,Orange,92870,placentia,33.8722,-117.8703,"Fullerton, Anaheim, Brea",City of Placentia Building & Safety,(714) 993-8117,placentia.org/building,"Downtown Placentia, Bradford Place, Kraemer Hills, Ruby Drive area","Placentia is a mid-sized residential city with mostly tract housing from the 1960s-80s. Permits for standard residential demolitions are processed quickly. The city has an older housing stock, so pre-demo asbestos surveys are recommended."
Aliso Viejo,Orange,92656,aliso-viejo,33.5769,-117.7256,"Laguna Beach, Mission Viejo, Laguna Niguel",City of Aliso Viejo Building & Safety,(949) 425-2530,cityofalisoviejo.com/building,"Glenwood, Pacific Ridge, Canyon Vistas, Bear Brand",Aliso Viejo is entirely master-planned with strong HOA oversight. Every exterior demolition project — including pool removals — requires HOA architectural committee approval. The city is newer (mostly 1990s-2000s construction) so asbestos is less common.
Laguna Niguel,Orange,92677,laguna-niguel,33.5225,-117.7072,"Mission Viejo, Laguna Beach, Dana Point",City of Laguna Niguel Building & Safety,(949) 362-4330,lagunaniguelcity.net/building,"Laguna Sur, Marina Hills, Bear Brand Ranch, Crown Valley area",Laguna Niguel is a planned community with multiple active HOAs. Projects near the coast may require Coastal Commission review. The city's terrain is hilly — projects on sloped lots require a grading permit in addition to the demo permit.
Dana Point,Orange,92629,dana-point,33.4669,-117.6981,"Laguna Niguel, San Clemente, Laguna Beach",City of Dana Point Building & Safety,(949) 248-3574,danapoint.org/building,"Dana Point Harbor, Capistrano Beach, Lantern District, Pacific Island",Dana Point coastal properties are subject to Coastal Commission review for exterior demolitions. The harbor area has additional marina-adjacent regulations. Interior demolitions in older homes (pre-1985) should include asbestos and lead paint surveys.
San Clemente,Orange,92672,san-clemente,33.4269,-117.6119,"Dana Point, San Juan Capistrano, Laguna Niguel",City of San Clemente Building & Safety,(949) 361-8200,san-clemente.org/building,"Downtown San Clemente, Talega, Marblehead, North Beach","San Clemente is on the southern end of OC, roughly 60 minutes from C&S base in Long Beach. The city has hillside terrain requiring grading permits for many exterior projects. Coastal development permits may be required for properties near the ocean."
San Juan Capistrano,Orange,92675,san-juan-capistrano,33.5017,-117.6625,"Dana Point, San Clemente, Mission Viejo",City of San Juan Capistrano Building & Safety,(949) 443-6355,sanjuancapistrano.org/building,"Historic Town Center, Capistrano Beach border, Ortega Corridor, Rancho Mission Viejo border",San Juan Capistrano has a historic downtown area with design review requirements. Properties near the mission and historic district require additional review for exterior demolition. Many ranch-style properties in the foothills have older structures ready for removal.
Yorba Linda,Orange,92886,yorba-linda,33.8886,-117.8133,"Placentia, Anaheim, Brea",City of Yorba Linda Building & Safety,(714) 961-7170,yorbalindaca.gov/building,"East Lake Village, Black Gold, Fairmont, Savi Ranch",Yorba Linda is known as the 'Land of Gracious Living' with large lot residential properties. Many homes have aging pools from the 1980s. HOA communities require architectural approval. The city's hilly terrain means grading permits are often required alongside demo permits.
Cypress,Orange,90630,cypress,33.8169,-118.0375,"Buena Park, Stanton, La Palma",City of Cypress Building & Safety,(714) 229-6712,cypressca.org/building,"Lexington Square, Cypress Crossings, Ross Street Corridor, Katella area","Cypress is a small, dense residential city between Buena Park and Garden Grove. Properties are mostly post-WWII tract homes. The city processes residential permits quickly. Older homes may have popcorn ceilings and floor tile containing asbestos."
Stanton,Orange,90680,stanton,33.8025,-117.9931,"Garden Grove, Cypress, Buena Park",City of Stanton Building & Safety,(714) 379-9222,ci.stanton.ca.us/building,"Greater Stanton, Western area, Dale Street Corridor, Magnolia Ave area","Stanton is one of OC's smaller, denser cities. Most residential properties are 1950s-1970s vintage. Pre-demo asbestos surveys are highly recommended for these older structures. The city has a streamlined permit process for residential demolitions."
Los Alamitos,Orange,90720,los-alamitos,33.7975,-118.0725,"Cypress, Seal Beach, Long Beach",City of Los Alamitos Building & Safety,(562) 431-3538,cityoflosalamitos.org/building,"Rossmoor border, Central Los Alamitos, Seal Beach border, Katella area",Los Alamitos is a small residential community bordering Seal Beach and Long Beach. Close proximity to C&S base means fast mobilization times. The city has older single-family homes with aging pools and detached structures ready for removal.
Seal Beach,Orange,90740,seal-beach,33.7414,-118.1047,"Long Beach, Huntington Beach, Los Alamitos",City of Seal Beach Building & Safety,(562) 431-2527,sealbeachca.gov/building,"Old Town Seal Beach, Leisure World, Surfside Colony, College Park","Seal Beach has a unique mix: Old Town has older beachside homes, and Leisure World is a large senior community with its own HOA rules. Coastal properties near the beach require additional review. Leisure World projects require HOA and community management approval."
Rancho Santa Margarita,Orange,92688,rancho-santa-margarita,33.6408,-117.6033,"Mission Viejo, Lake Forest, Coto de Caza",City of Rancho Santa Margarita Building & Safety,(949) 635-1800,cityofrsm.org/building,"Las Flores, Trabuco Highlands, Coto de Caza border, Dove Canyon border","Rancho Santa Margarita is entirely HOA-governed. All exterior projects require approval from the SAMLARC community association. The city is newer (1980s-1990s construction), making asbestos less of a concern but HOA compliance critical to project timeline."
Northwood,Orange,92620,northwood,33.7283,-117.7838,"Irvine, Tustin, Lake Forest",City of Irvine Community Development,(949) 724-6000,cityofirvine.org/permits,"Northwood Village, Northwood Pointe, Harvard Square, Orangetree",Northwood is a planned village within the city of Irvine with strong HOA oversight. All exterior demolition projects require HOA approval before city permit issuance. Irvine's master plan governs all development in Northwood.
Portola Springs,Orange,92618,portola-springs,33.6957,-117.7441,"Irvine, Lake Forest, Foothill Ranch",City of Irvine Community Development,(949) 724-6000,cityofirvine.org/permits,"Portola Springs, Solis Park, Salerno, Castillo",Portola Springs is one of Irvine's newer planned villages with active HOA management. Most homes are 2005-present construction. Interior and pool demolitions require HOA approval and then city permit. Newer construction means low asbestos risk.
Quail Hill,Orange,92603,quail-hill,33.6513,-117.7853,"Irvine, Laguna Beach, Laguna Woods",City of Irvine Community Development,(949) 724-6000,cityofirvine.org/permits,"Quail Hill, Turtle Ridge, Shady Canyon border, Great Park border",Quail Hill is a hillside planned community within Irvine. Strong HOA rules govern all exterior work. Properties on hillside lots may require grading permits in addition to standard demo permits. Premium community with newer 1990s-2000s construction.
Turtle Rock,Orange,92612,turtle-rock,33.6574,-117.8242,"Irvine, Newport Beach, University Park",City of Irvine Community Development,(949) 724-6000,cityofirvine.org/permits,"Turtle Rock, Turtle Ridge, San Joaquin Hills, UCI area",Turtle Rock is one of Irvine's original planned villages. Homes range from 1970s-1990s. HOA approval required for all exterior demolition. Some older Turtle Rock homes may have asbestos in textured ceilings and older HVAC insulation.
Woodbridge,Orange,92604,woodbridge,33.6975,-117.8103,"Irvine, Tustin, Lake Forest",City of Irvine Community Development,(949) 724-6000,cityofirvine.org/permits,"Woodbridge Village, Eastwood, Willowgrove, North Woodbridge",Woodbridge is a lakeside planned village within Irvine centered around two lakes. HOA rules are strictly enforced. Pool removal and deck demolition are common as homeowners update 1980s-era infrastructure. The Woodbridge Village Association must approve all exterior work.
Los Angeles,Los Angeles,90001,los-angeles,34.0522,-118.2437,"Burbank, Glendale, Pasadena",LA City Building & Safety (LADBS),(213) 482-0000,ladbs.org,"Downtown LA, Silver Lake, Echo Park, Mid-City, Koreatown, Boyle Heights, San Fernando Valley",Los Angeles City uses LADBS for all permits and has a large volume of aging structures (pre-1980) requiring asbestos and lead paint surveys before demolition. The city processes permits online through LADBS e-Permit portal. Pool demolitions in LA require both building and grading permits.
Long Beach,Los Angeles,90801,long-beach,33.7701,-118.1937,"Compton, Carson, Signal Hill",Long Beach Development Services,(562) 570-6245,longbeach.gov/lbds,"Signal Hill, Bixby Knolls, Belmont Shore, Naples Island, North Long Beach, Los Cerritos","Long Beach is C&S Demolition's home base — we know LB permits, inspectors, and building codes inside and out. The city's older housing stock (Craftsman, Victorian, mid-century) frequently requires asbestos and lead paint surveys. Fast response and same-week availability throughout Long Beach."
Glendale,Los Angeles,91201,glendale,34.1425,-118.2551,"Burbank, Pasadena, Los Angeles",Glendale Development Services,(818) 548-2030,glendaleca.gov/permits,"Montrose, Verdugo Woodlands, Adams Hill, Rossmoyne, Downtown Glendale",Glendale has many hillside properties that require geo-technical review before permits are issued for demolition. The city's Montrose and Verdugo Hills areas have older Craftsman and Spanish Colonial homes that commonly need pre-demo asbestos surveys.
Burbank,Los Angeles,91501,burbank,34.1808,-118.3089,"Glendale, Pasadena, North Hollywood",City of Burbank Building Division,(818) 238-5220,burbankca.gov/pcd/building,"Magnolia Park, Downtown Burbank, Hollywood Way Corridor, Rancho Neighborhood, Chandler Park",Burbank is home to major entertainment studios. The city has strict noise ordinances near studio facilities. Residential demolitions in standard neighborhoods follow typical LA County timelines. Many 1940s-60s homes in Burbank's older neighborhoods need asbestos testing.
Pasadena,Los Angeles,91101,pasadena,34.1478,-118.1445,"Arcadia, Monrovia, Temple City",City of Pasadena Building & Safety,(626) 744-4200,cityofpasadena.net/permits,"Old Pasadena, Bungalow Heaven, Madison Heights, Caltech area, Rose Bowl area",Pasadena has a historic preservation overlay — Craftsman bungalows and California Colonials in historic districts require design review board approval before exterior demolition. Non-historic properties follow standard LA County permitting timelines. Pre-1978 structures require asbestos and lead paint surveys.
Torrance,Los Angeles,90501,torrance,33.8358,-118.3406,"Carson, Redondo Beach, Lawndale",City of Torrance Community Development,(310) 618-5990,torranceca.gov/permits,"Old Torrance, Southwood, Hollywood Riviera, North Torrance, West Torrance",Torrance has a mix of post-WWII tract homes and newer development in South Bay. Many properties have aging pools (1960s-1980s) and older structures. The city's online permit portal streamlines the application process. Hollywood Riviera properties near the coast may have additional review requirements.
Pomona,Los Angeles,91766,pomona,34.0553,-117.7498,"Ontario, Montclair, Diamond Bar",City of Pomona Building & Safety,(909) 620-2181,ci.pomona.ca.us/index.aspx/building,"Lincoln Park, Pomona Valley, Ganesha Hills, Downtown Pomona, Casa Blanca","Pomona has a large inventory of older residential and commercial properties, many dating to the early 20th century. Pre-demo asbestos and lead paint surveys are frequently required. The city is approximately 35-40 minutes from C&S's Long Beach base."
El Monte,Los Angeles,91731,el-monte,34.0686,-118.0275,"Baldwin Park, Arcadia, Temple City",City of El Monte Building & Safety,(626) 580-2086,ci.el-monte.ca.us/community/building,"South El Monte border, Downtown El Monte, Norwood, Mountain View area","El Monte is a dense, older city in the San Gabriel Valley with many industrial and commercial parcels alongside residential. The city has a high proportion of pre-1980 structures. Permits are processed at the city's Development Services counter."
Downey,Los Angeles,90240,downey,33.9400,-118.1328,"Norwalk, Paramount, Bellflower",City of Downey Building & Safety,(562) 904-7170,downeyca.org/permits,"Downtown Downey, Stonewood, South Downey, Paramount border, Bellflower border",Downey is a strong residential market with significant mid-century housing stock. Many properties have original 1950s-1970s pools and detached structures. The city processes permits efficiently; demolition permits for standard residential projects typically take 1-2 weeks.
Inglewood,Los Angeles,90301,inglewood,34.0200,-118.3500,"Hawthorne, Lennox, Compton",City of Inglewood Building & Safety,(310) 412-5280,cityofinglewood.org/building,"Hollywood Park, Downtown Inglewood, Morningside Park, Centinela Valley",Inglewood is experiencing rapid development with SoFi Stadium and The Forum driving real estate investment. Many older properties are being cleared for redevelopment. The city has a fast-track program for certain permit types. Older homes in the area frequently require asbestos surveys.
West Covina,Los Angeles,91790,west-covina,34.0686,-117.9386,"Covina, Baldwin Park, Azusa",City of West Covina Building & Safety,(626) 939-8400,westcovinavotes.com/permits,"South Hills, Shadow Oak, Sunset Hills, Downtown West Covina",West Covina is a suburban San Gabriel Valley city with predominantly 1950s-1980s housing. The city has active HOA communities in the South Hills area. Residential pool removals are common as homeowners convert yards to usable space. Permits processed at City Hall.
Norwalk,Los Angeles,90650,norwalk,33.9022,-118.0817,"Downey, Whittier, La Mirada",City of Norwalk Building & Safety,(562) 929-5730,norwalkca.gov/building,"Downtown Norwalk, Studebaker Road Corridor, Fronteras, East Norwalk",Norwalk is a working-class residential city in southeast LA County. The housing stock is primarily 1950s-1970s. Pool removal and concrete demo are frequently requested services. The city processes permits in person at the development services center.
Compton,Los Angeles,90220,compton,33.8958,-118.2201,"Lynwood, Carson, Long Beach",City of Compton Building & Safety,(310) 605-5540,comptoncity.org/building,"Downtown Compton, Richland Farms, Northeast Compton, Central Compton",Compton is undergoing significant revitalization. Many older properties have aging infrastructure and pre-1980 construction requiring asbestos surveys. C&S Demolition has experience with demolition projects supporting both residential renovation and commercial redevelopment in Compton.
Carson,Los Angeles,90745,carson,33.8317,-118.2820,"Compton, Torrance, Gardena",City of Carson Building & Safety,(310) 830-7600,carson.ca.us/building,"South Carson, Dominguez Hills, Central Carson, North Carson",Carson is a South Bay industrial and residential city. The city has a mix of single-family homes and significant light industrial. Many residential properties have aging pools from the 1970s-80s. Carson's permit office is efficient and familiar with demolition projects.
Hawthorne,Los Angeles,90250,hawthorne,33.9164,-118.3525,"Inglewood, Lawndale, El Segundo",City of Hawthorne Building Division,(310) 349-2970,cityofhawthorne.org/building,"Holly Glen, Bodger Park, Downtown Hawthorne, Ramona area",Hawthorne is a dense South Bay city near LAX. Many older residential properties from the 1950s-1960s have aged out and are being redeveloped. Airport proximity means some properties are in noise impact zones. Standard residential demolitions proceed through the city's building department.
Whittier,Los Angeles,90601,whittier,33.9792,-118.0328,"La Habra, Norwalk, Pico Rivera",City of Whittier Building & Safety,(562) 567-9320,cityofwhittier.org/building,"Uptown Whittier, East Whittier, Penn Park, Friendly Hills",Whittier is a historic city in the San Gabriel Valley. The uptown area has older commercial and mixed-use buildings. Friendly Hills is a hillside residential area where grading permits accompany demo permits for slope work. Many homes have mid-century construction with potential asbestos materials.
Arcadia,Los Angeles,91006,arcadia,34.1397,-118.0353,"Monrovia, Temple City, Pasadena",City of Arcadia Building & Safety,(626) 574-5416,arcadiaca.gov/building,"Santa Anita, Baldwin Stocker, Rancho Santa Anita, Historic Arcadia","Arcadia is known for its large residential lots and strong real estate market. Many properties are being torn down and rebuilt, making demolition services high-demand. The city processes permits efficiently. Large lot teardowns are common in the Baldwin Stocker and Rancho Santa Anita areas."
Monrovia,Los Angeles,91016,monrovia,34.1442,-117.9997,"Arcadia, Duarte, Azusa",City of Monrovia Building & Safety,(626) 932-5571,ci.monrovia.ca.us/building,"Old Town Monrovia, Hillside Monrovia, Wild Rose Heights, Central Monrovia",Monrovia has a charming old town district and hillside residential areas. Hillside properties require grading permits for demo work. Old Town properties may have historic significance requiring additional review. The city is approximately 30-35 minutes from C&S's Long Beach base.
Baldwin Park,Los Angeles,91706,baldwin-park,34.0853,-117.9608,"El Monte, West Covina, Covina",City of Baldwin Park Building & Safety,(626) 960-4011,baldwinpark.com/building,"Downtown Baldwin Park, Merced, Maine-Puente, Badillo area",Baldwin Park is a dense residential city with older housing stock primarily from the 1950s-1970s. Pre-demolition asbestos surveys are frequently needed. The city has a standard permit process with typical 2-week processing times for residential demolitions.
Covina,Los Angeles,91722,covina,34.0900,-117.8903,"West Covina, Baldwin Park, Glendora",City of Covina Building & Safety,(626) 858-7220,covinaca.gov/building,"Charter Oak, Downtown Covina, South Covina, Covina Hills",Covina is a San Gabriel Valley community with mixed residential density. Many properties from the 1950s-1980s have aging pools and detached structures. The city processes permits at the public counter in City Hall. Demolitions typically take 2-3 weeks for permit approval.
Diamond Bar,Los Angeles,91765,diamond-bar,34.0286,-117.8103,"Pomona, Walnut, Rowland Heights",City of Diamond Bar Building & Safety,(909) 839-7020,diamondbarca.gov/building,"Diamond Bar Village, Country Estates, Brea Canyon, Gateway Corporate Center",Diamond Bar is a planned community with hillside residential areas and active HOAs. Many properties are on sloped lots requiring grading permits alongside demo permits. HOA approval is required for exterior demolition in most neighborhoods. The city borders Pomona and Walnut.
Azusa,Los Angeles,91702,azusa,34.1336,-117.9076,"Covina, Glendora, Baldwin Park",City of Azusa Building & Safety,(626) 812-5233,ci.azusa.ca.us/building,"Downtown Azusa, Gladstone, Rancho Azusa, Foothill area",Azusa is at the foot of the San Gabriel Mountains. The city has older industrial and residential properties. Many properties near the river channel are in flood zones requiring additional permits. Residential demolitions proceed through the Building & Safety department on 5th Street.
Glendora,Los Angeles,91740,glendora,34.1361,-117.8653,"Azusa, Covina, San Dimas",City of Glendora Building & Safety,(626) 914-8218,ci.glendora.ca.us/building,"Downtown Glendora, Charter Oak, Glendora Village, North Glendora",Glendora is a foothill community with a charming historic village and hillside residential areas. The city has an active permit department and is known for its excellent public services. Hillside properties require additional permits. Many 1960s-1980s homes have older pools and detached structures.
San Dimas,Los Angeles,91773,san-dimas,34.1067,-117.8075,"Glendora, La Verne, Pomona",City of San Dimas Building & Safety,(909) 394-6250,cityofsandimas.com/building,"Downtown San Dimas, Via Verde, Lone Hill, Shady Oaks",San Dimas is a small foothill community with a mix of residential and commercial. Via Verde is a planned community with HOA requirements. The city has a small building department with personalized service. Located at the junction of the 210 and 57 freeways.
La Verne,Los Angeles,91750,la-verne,34.1008,-117.7678,"San Dimas, Pomona, Claremont",City of La Verne Building & Safety,(909) 596-8726,cityoflaverne.org/building,"University of La Verne area, Old Town La Verne, Wheeler Avenue Corridor, Emerald Heights",La Verne is a small foothill city adjacent to Pomona and San Dimas. The city has a historic old town area and a University of La Verne campus. Residential demolitions are straightforward. Approximately 35-40 minutes from Long Beach.
Claremont,Los Angeles,91711,claremont,34.0967,-117.7198,"La Verne, Pomona, Montclair",City of Claremont Building & Safety,(909) 399-5137,ci.claremont.ca.us/building,"Claremont Village, North Claremont, The Colleges area, South Claremont",Claremont is home to the Claremont Colleges consortium. The city has a strong historic preservation culture for its old village area. Residential demolitions in standard neighborhoods proceed normally. Properties near the colleges may have special design review requirements.
Pico Rivera,Los Angeles,90660,pico-rivera,33.9828,-118.0967,"Whittier, Downey, Montebello",City of Pico Rivera Building & Safety,(562) 801-4472,pico-rivera.org/building,"North Pico Rivera, South Pico Rivera, Durfee Ave area, Gallatin Road Corridor",Pico Rivera is an older working-class city in southeast LA County. The housing stock is primarily 1950s-1970s. Pool removals and interior demolitions are frequently requested. The city processes permits at the civic center on Rosemead Blvd.
Montebello,Los Angeles,90640,montebello,34.0114,-118.1133,"Pico Rivera, Rosemead, El Monte",City of Montebello Building & Safety,(323) 887-1285,cityofmontebello.com/building,"Montebello Hills, East Montebello, North Montebello, Industrial area",Montebello has hillside residential areas and flat industrial zones. Hillside properties require grading permits for demolition work. The city has older housing stock from the 1940s-1970s with asbestos potential in older structures. Located near the 605 and 60 freeways.
Rosemead,Los Angeles,91770,rosemead,34.0800,-118.0728,"El Monte, Montebello, Temple City",City of Rosemead Building & Safety,(626) 569-2140,cityofrosemead.org/building,"Downtown Rosemead, Valley Blvd Corridor, Garvey area, San Gabriel border",Rosemead is a dense San Gabriel Valley city. Many older residential properties have aging detached structures and pools. The city has a standard permit process. Valley Boulevard commercial properties occasionally undergo interior demolition for restaurant and retail conversion.
Temple City,Los Angeles,91780,temple-city,34.1003,-118.0578,"Arcadia, Rosemead, El Monte",City of Temple City Building & Safety,(626) 285-2171,templecity.us/building,"Las Tunas Village, Temple City Park area, Arcadia border, Rosemead border",Temple City is a small residential city known for its orchid show and tree-lined streets. Many properties have large lots with aging pools and detached garages. The city has a streamlined permit process for standard residential projects.
Bell Gardens,Los Angeles,90201,bell-gardens,33.9658,-118.1517,"Downey, South Gate, Huntington Park",City of Bell Gardens Building & Safety,(562) 806-7700,bellgardens.org/building,"Downtown Bell Gardens, Florence Ave Corridor, Eastern Bell Gardens, Garfield Ave area","Bell Gardens is a small, dense residential city in southeast LA County. The housing stock is older and the city has a working-class character. Pre-demo asbestos surveys are strongly recommended for pre-1980 structures. Approximately 25-30 minutes from C&S's Long Beach base."
South Gate,Los Angeles,90280,south-gate,33.9547,-118.2128,"Compton, Lynwood, Huntington Park",City of South Gate Building & Safety,(323) 563-9500,cityofsouthgate.org/building,"South Gate Park, Gateway to LA area, Hollydale, North South Gate",South Gate is an older industrial and residential city. Many properties are undergoing renovation with demolition as the first step. Pre-1980 structures require asbestos testing. The city has an efficient permit department and is located approximately 25 minutes from C&S's Long Beach base.
Lynwood,Los Angeles,90262,lynwood,33.9303,-118.2114,"Compton, South Gate, Inglewood",City of Lynwood Building & Safety,(310) 603-0220,lynwoodca.gov/building,"Downtown Lynwood, Atlantic Ave Corridor, East Lynwood, Long Beach border",Lynwood is an older city with a mix of residential and industrial. The city has many pre-1978 structures requiring lead paint and asbestos surveys before demolition. Lynwood's building department processes standard residential permits. Located approximately 20-25 minutes from Long Beach.
Gardena,Los Angeles,90247,gardena,33.8883,-118.3089,"Torrance, Carson, Hawthorne",City of Gardena Building & Safety,(310) 217-9530,cityofgardena.org/building,"Downtown Gardena, North Gardena, Western Gardena, Vermont Knolls border",Gardena is a dense South Bay city with older commercial development. The city has a significant Japanese-American community and older residential structures from the 1940s-60s. Many homes have aging pools and structures. Gardena's building department is experienced with residential demolition permits.
Lawndale,Los Angeles,90260,lawndale,33.8872,-118.3528,"Hawthorne, Redondo Beach, Gardena",City of Lawndale Building & Safety,(310) 973-3200,lawndalecity.org/building,"Downtown Lawndale, El Camino Village, North Lawndale, Hawthorne border",Lawndale is a small South Bay city with older residential properties. Many homes were built in the 1950s-1960s. Pool removals and interior demolitions are common as homeowners update older properties. The city has a small building department with efficient permit processing.
Redondo Beach,Los Angeles,90277,redondo-beach,33.8492,-118.3884,"Torrance, Hermosa Beach, Lawndale",City of Redondo Beach Building & Safety,(310) 318-0660,redondo.org/building,"North Redondo, South Redondo, Riviera Village, King Harbor area",Redondo Beach is a coastal South Bay city with strong real estate activity. Teardown-rebuild projects are common as homeowners replace older homes with modern construction. The city has strict coastal zone rules for properties near the ocean. King Harbor area properties may require additional harbor-adjacent review.
Hermosa Beach,Los Angeles,90254,hermosa-beach,33.8622,-118.3995,"Redondo Beach, Manhattan Beach, Gardena",City of Hermosa Beach Building & Safety,(310) 318-0215,hermosabeach.gov/building,"Downtown Hermosa Beach, Hermosa Valley, South Hermosa, Sand Section","Hermosa Beach is a small, premium coastal city. Teardown-rebuild projects are very common due to high land values. The city has a fast-track review process for demolition permits to support its active construction market. Sand Section properties near the beach require additional Coastal Commission review."
Manhattan Beach,Los Angeles,90266,manhattan-beach,33.8847,-118.4109,"Hermosa Beach, El Segundo, Hawthorne",City of Manhattan Beach Building & Safety,(310) 802-5500,manhattanbeach.gov/building,"Sand Section, Tree Section, Hill Section, Manhattan Village",Manhattan Beach is one of LA's most expensive coastal cities. Teardown-rebuild projects are extremely common as buyers demolish older homes to build modern custom residences. The city has an efficient permit process to support its high volume of demo-rebuild projects. Full demolitions in all neighborhoods are common.
El Segundo,Los Angeles,90245,el-segundo,33.9192,-118.4164,"Manhattan Beach, Hawthorne, Inglewood",City of El Segundo Building & Safety,(310) 524-2380,elsegundo.org/building,"Downtown El Segundo, Standard Oil area, Imperial Ave Corridor, Smoky Hollow","El Segundo is near LAX with a mix of industrial, commercial, and residential. The city's Smoky Hollow area has older light industrial buildings undergoing tenant improvement demolition. Residential neighborhoods have 1950s-1960s housing. The city is efficient with permits."
Culver City,Los Angeles,90230,culver-city,34.0211,-118.3964,"Los Angeles, Inglewood, Santa Monica",Culver City Planning & Development,(310) 253-5700,culvercity.org/building,"Downtown Culver City, Helms Bakery District, Jefferson Blvd Corridor, Fox Hills",Culver City is a tech and entertainment hub undergoing rapid commercial development. Interior tenant improvement demolitions are common in commercial buildings. Residential demolitions in the city's historic neighborhoods may require design review. Strong permit department with online submission.
Santa Monica,Los Angeles,90401,santa-monica,34.0195,-118.4912,"Culver City, Los Angeles, Malibu",City of Santa Monica Building & Safety,(310) 458-8355,santamonica.gov/building,"Downtown Santa Monica, Ocean Park, Sunset Park, Mid-City, Montana Avenue",Santa Monica has high land values and a significant teardown-rebuild market. The city has strong environmental regulations including soil testing requirements for properties near former industrial sites. Coastal Commission review is required for properties within the coastal zone. Permit processing is thorough.
Malibu,Los Angeles,90265,malibu,34.0259,-118.7798,"Santa Monica, Calabasas, Agoura Hills",City of Malibu Building & Safety,(310) 456-2489,malibucity.org/building,"Malibu Colony, Point Dume, Latigo Canyon, Pacific Coast Highway Corridor","Malibu is in a very high fire hazard severity zone and coastal zone. All demolition projects require fire department clearance, and many require California Coastal Commission approval. The city has strict building codes due to fire risk. Projects often have extended permit timelines due to coastal and fire review requirements."
Calabasas,Los Angeles,91302,calabasas,34.1369,-118.6439,"Malibu, Agoura Hills, Thousand Oaks",City of Calabasas Building & Safety,(818) 878-4225,cityofcalabasas.com/building,"Old Town Calabasas, The Commons, Calabasas Park Estates, Parkway Calabasas",Calabasas is a wealthy enclave in the western San Fernando Valley. The city has active HOA communities and a historic Old Town district. Properties in Las Virgenes watershed area may require environmental review. High-value properties are common teardown-rebuild candidates.
Agoura Hills,Los Angeles,91301,agoura-hills,34.1536,-118.7606,"Calabasas, Thousand Oaks, Westlake Village",City of Agoura Hills Building & Safety,(818) 597-7300,agourahillscity.org/building,"Agoura, Lakeside Village, Cornell, Chesebrough",Agoura Hills is a foothills community in the western San Fernando Valley. The city borders the Santa Monica Mountains and is in a moderate to high fire hazard severity zone. Hillside properties require grading permits. The city processes permits at City Hall on Agoura Road.
Westlake Village,Los Angeles,91361,westlake-village,34.1414,-118.8192,"Agoura Hills, Calabasas, Thousand Oaks",City of Westlake Village Building & Safety,(818) 706-1613,wlv.org/building,"Westlake Village Lake area, North Ranch, Lakeview Canyon, Westlake Island","Westlake Village is a small, upscale community around an artificial lake. HOA rules are strong in most neighborhoods. Lakeshore properties have additional review requirements. The city is approximately 40-45 minutes from Long Beach. Many properties have aging pools and docks from the 1970s-1980s."
Beverly Hills,Los Angeles,90210,beverly-hills,34.0736,-118.4004,"West Hollywood, Santa Monica, Culver City",City of Beverly Hills Building & Safety,(310) 285-1141,beverlyhills.org/building,"Trousdale Estates, Flats, Beverly Crest, Golden Triangle",Beverly Hills is one of LA's most prestigious municipalities with meticulous permit requirements. Teardown-rebuild projects are extremely common as buyers demolish aging mid-century homes. The city has stringent noise ordinance enforcement and requires extensive neighborhood notification before major demolitions.
Palmdale,Los Angeles,93550,palmdale,34.5794,-118.1165,"Lancaster, Santa Clarita, Quartz Hill",City of Palmdale Building & Safety,(661) 267-5200,cityofpalmdale.org/building,"Desert Aire, Anaverde, West Palmdale, Sun Village, Quartz Hill border",Palmdale is a High Desert city about 60-70 minutes from C&S's Long Beach base. The city's rapid growth has produced a mix of older and newer residential properties. Desert soil conditions affect foundation demolitions. C&S serves Palmdale but response times are longer than South Bay and OC coverage areas.
Lancaster,Los Angeles,93534,lancaster,34.6868,-118.1542,"Palmdale, Quartz Hill, Mojave",City of Lancaster Building & Safety,(661) 723-6100,cityoflancasterca.org/building,"Downtown Lancaster, Quartz Hill, West Lancaster, East Lancaster","Lancaster is in the Antelope Valley, approximately 65-70 minutes from Long Beach. The city has been growing with new residential developments. Desert climate affects material weathering. C&S serves Lancaster but projects should account for additional drive time in mobilization costs."
Santa Clarita,Los Angeles,91350,santa-clarita,34.3917,-118.5426,"Valencia, Saugus, Newhall",City of Santa Clarita Building & Safety,(661) 255-4330,santa-clarita.com/building,"Valencia, Newhall, Saugus, Canyon Country, Stevenson Ranch",Santa Clarita is approximately 45-50 minutes from Long Beach. The city is fast-growing with newer residential developments in Valencia and Canyon Country. Many older areas in Newhall and Saugus have aging structures. Hillside properties in the area require grading permits.
Pacific Palisades,Los Angeles,90272,pacific-palisades,34.0452,-118.5261,"Santa Monica, Malibu, Brentwood",LA City Building & Safety (LADBS),(213) 482-0000,ladbs.org,"Palisades Village, Castellammare, Riviera, Huntington Palisades",Pacific Palisades is an affluent coastal neighborhood of Los Angeles. Teardown-rebuild projects are common at premium price points. The neighborhood is in a high fire hazard severity zone — fire department clearance required for hillside demolitions. LADBS processes permits for all Palisades properties.
Thousand Oaks LA,Los Angeles,91360,thousand-oaks-la,34.1706,-118.8376,"Westlake Village, Calabasas, Agoura Hills",Ventura County Resource Management Agency,(805) 654-2488,vcrma.org/divisions/building-and-safety,"Westlake area, North Ranch, Newbury Park, Conejo Valley","Note: Most of 'Thousand Oaks' is actually in Ventura County, not LA County. The boundary area near Westlake Village borders LA County. Confirm your permit jurisdiction (Ventura County vs LA County) before applying. C&S Demolition handles both county jurisdictions in this area."
Riverside,Riverside,92501,riverside,33.9533,-117.3961,"Corona, Moreno Valley, Jurupa Valley",City of Riverside Building & Safety,(951) 826-5697,riversideca.gov/permits,"Downtown Riverside, Eastside, University District, Canyon Crest, Alessandro Heights",Riverside is approximately 55-60 minutes from C&S's Long Beach base. The city has older downtown properties and newer suburban development. Canyon Crest and Alessandro Heights have hillside properties. Pool removals are common in older established neighborhoods. C&S serves Riverside with advance scheduling.
Corona,Riverside,92879,corona,33.8753,-117.5664,"Riverside, Norco, Eastvale",City of Corona Building & Safety,(951) 736-2272,ci.corona.ca.us/building,"Downtown Corona, Eagle Glen, Corona Hills, Dos Lagos, North Corona",Corona is approximately 45-50 minutes from Long Beach. The city has a mix of older and newer residential development. Eagle Glen and Dos Lagos are planned communities with HOA oversight. Many 1980s-1990s properties have aging pools. C&S serves Corona on a regular basis.
Moreno Valley,Riverside,92553,moreno-valley,33.9425,-117.2297,"Riverside, Perris, Hemet",City of Moreno Valley Building & Safety,(951) 413-3350,morenovalleyca.gov/building,"Towngate, Alessandro, Edgemont, Moreno Valley Ranch",Moreno Valley is approximately 55-60 minutes from Long Beach. The city has predominantly 1980s-1990s tract housing. Pool removals are common in the city's many planned communities. C&S serves Moreno Valley for larger projects and scheduled demolition work.
Temecula,Riverside,92590,temecula,33.4936,-117.1484,"Murrieta, Menifee, Lake Elsinore",City of Temecula Building & Safety,(951) 694-6400,temeculaca.gov/permits,"Old Town Temecula, Redhawk, Harveston, Paloma del Sol",Temecula is approximately 75-80 minutes from Long Beach. The city has wine country character and active residential development. Old Town has historic properties with potential lead paint. Redhawk and Harveston are HOA-governed planned communities. C&S serves Temecula for larger projects.
Murrieta,Riverside,92562,murrieta,33.5539,-117.2139,"Temecula, Menifee, Lake Elsinore",City of Murrieta Building & Safety,(951) 304-2489,cityofmurrieta.org/permits,"Central Murrieta, Murrieta Hot Springs, French Valley, Copper Canyon",Murrieta is approximately 75-80 minutes from Long Beach. The city is one of the fastest-growing in Riverside County. Most housing is 1990s-2000s construction. Murrieta Hot Springs is a resort community with unique HOA requirements. C&S serves Murrieta for scheduled projects.
Menifee,Riverside,92584,menifee,33.6971,-117.1850,"Temecula, Murrieta, Hemet",City of Menifee Building & Safety,(951) 723-3700,cityofmenifee.us/building,"Sun City, Romoland, Quail Valley, Murrieta border",Menifee is a relatively new city (incorporated 2008) with rapid residential growth. Sun City is an older planned community with its own character. Many properties have pools installed in the 1970s-1980s. C&S serves Menifee for scheduled demolition projects.
Lake Elsinore,Riverside,92530,lake-elsinore,33.6681,-117.3278,"Murrieta, Wildomar, Canyon Lake",City of Lake Elsinore Building & Safety,(951) 674-3124,lake-elsinore.org/building,"Downtown Lake Elsinore, Canyon Lake border, Tuscany Hills, Alberhill",Lake Elsinore is approximately 65-70 minutes from Long Beach. The city has lakeside properties and hillside communities. Tuscany Hills is an HOA-governed community. Properties near the lake may have additional floodplain review requirements. C&S serves Lake Elsinore for scheduled projects.
Perris,Riverside,92570,perris,33.7825,-117.2286,"Moreno Valley, Menifee, Hemet",City of Perris Building & Safety,(951) 943-6100,cityofperris.org/building,"Downtown Perris, Nuevo, Good Hope, Perris Hill area",Perris is approximately 60 minutes from Long Beach. The city has older industrial areas and newer residential development. Standard residential demolitions proceed through the building department. C&S serves Perris for scheduled projects.
Hemet,Riverside,92543,hemet,33.7475,-116.9719,"Perris, Moreno Valley, San Jacinto",City of Hemet Building & Safety,(951) 765-2301,cityofhemet.org/building,"Downtown Hemet, West Hemet, East Hemet, Seven Hills",Hemet is approximately 70-75 minutes from Long Beach. The city has an older downtown core and many retirement communities. Many older properties have aging pools and structures. C&S serves Hemet for scheduled larger-scale projects.
Jurupa Valley,Riverside,91752,jurupa-valley,33.9972,-117.4858,"Riverside, Corona, Eastvale",City of Jurupa Valley Building & Safety,(951) 332-6464,jurupavalley.org/building,"Rubidoux, Glen Avon, Pedley, Mira Loma",Jurupa Valley is approximately 50-55 minutes from Long Beach. The city incorporated in 2011 from previously unincorporated areas. Many properties are older and may have been built without modern code compliance. C&S serves Jurupa Valley for scheduled demolition projects.
Eastvale,Riverside,91752,eastvale,33.9631,-117.5814,"Jurupa Valley, Corona, Ontario",City of Eastvale Building & Safety,(951) 703-4413,eastvaleca.gov/building,"Eastvale Gateway, South Eastvale, East Eastvale, Horsethief Canyon area",Eastvale is a new city (incorporated 2010) with predominantly 2000s-era suburban housing. Most homes are newer construction with lower asbestos risk. HOA communities are common. C&S serves Eastvale for demolition projects on request.
Norco,Riverside,92860,norco,33.9311,-117.5514,"Corona, Eastvale, Jurupa Valley",City of Norco Building & Safety,(951) 270-5640,norco.ca.us/building,"Downtown Norco, Hidden Valley, West Norco, Norco Hills","Norco is known as 'Horsetown USA' with equestrian properties and rural character. Many properties have horse facilities, outbuildings, and older structures ready for demolition. Grading permits are common for lot work. C&S serves Norco for agricultural and residential demolition projects."
Beaumont,Riverside,92223,beaumont,33.9294,-116.9772,"Banning, Yucaipa, Calimesa",City of Beaumont Building & Safety,(951) 572-3229,beaumontca.gov/building,"Four Seasons (55+), Oak Valley Greens, Sundance, Solera area",Beaumont is approximately 70 minutes from Long Beach. The city has significant senior and active adult community development alongside standard residential. Four Seasons is a large 55+ community. C&S serves Beaumont for scheduled projects.
Banning,Riverside,92220,banning,33.9253,-116.8764,"Beaumont, Palm Springs, Hemet",City of Banning Building & Safety,(951) 922-3130,ci.banning.ca.us/building,"Downtown Banning, Highland Springs, San Gorgonio Pass area","Banning is in the San Gorgonio Pass, approximately 75 minutes from Long Beach. The city has older commercial and residential properties. Strong winds in the pass area affect project planning. C&S serves Banning for scheduled larger demolition projects."
San Jacinto,Riverside,92583,san-jacinto,33.7836,-116.9589,"Hemet, Beaumont, Perris",City of San Jacinto Building & Safety,(951) 654-4904,ci.san-jacinto.ca.us/building,"Downtown San Jacinto, Valle Vista, Mountain View, San Jacinto Valley",San Jacinto is approximately 70-75 minutes from Long Beach. The city has older residential properties and a rural character. Many properties have horse facilities and aging outbuildings. C&S serves San Jacinto for scheduled demolition projects.
Wildomar,Riverside,92595,wildomar,33.5989,-117.2797,"Lake Elsinore, Murrieta, Temecula",City of Wildomar Building & Safety,(951) 677-7751,wildomar.org/building,"Central Wildomar, Palomar Hills, Weston Hills, Copper Canyon",Wildomar is a newer city (incorporated 2008) with a mix of residential development and rural areas. The city borders Murrieta to the south. C&S serves Wildomar for scheduled demolition projects in the southwest Riverside County area.
Mira Loma,Riverside,91752,mira-loma,33.9947,-117.5181,"Jurupa Valley, Ontario, Corona",Riverside County Building & Safety,(951) 955-3200,rctlma.org/bldg,"Central Mira Loma, Bellegrave, Jurupa Valley border",Mira Loma is an unincorporated community within Riverside County (part of Jurupa Valley). Permits are handled through Riverside County or Jurupa Valley Building & Safety. C&S serves this area for scheduled demolition projects.
Desert Hot Springs,Riverside,92240,desert-hot-springs,33.9611,-116.5017,"Palm Springs, Cathedral City, Coachella",City of Desert Hot Springs Building & Safety,(760) 329-6411,cityofdhs.org/building,"Downtown DHS, Mission Springs, Two Bunch Palms, Hacienda Heights","Desert Hot Springs is in the Coachella Valley, approximately 100+ miles from Long Beach. The city is known for its hot springs and has older commercial properties alongside residential. C&S serves the Coachella Valley area for major projects with advance scheduling."
Palm Desert,Riverside,92260,palm-desert,33.7220,-116.3742,"Palm Springs, Rancho Mirage, Indian Wells",City of Palm Desert Building & Safety,(760) 776-6420,cityofpalmdesert.org/permits,"El Paseo shopping district, Indian Ridge, Ironwood Country Club, Palm Desert Country Club","Palm Desert is in the Coachella Valley, approximately 115+ miles from Long Beach. The city has luxury residential properties and active commercial areas. C&S serves the Palm Desert area for major scheduled demolition projects with advance coordination."
Rancho Mirage,Riverside,92270,rancho-mirage,33.7395,-116.4168,"Palm Desert, Cathedral City, Palm Springs",City of Rancho Mirage Building & Safety,(760) 328-2266,ranchomirageca.gov/building,"Mission Hills Country Club, Tamarisk Country Club, Thunderbird Heights, Magnesia Falls",Rancho Mirage is a luxury Coachella Valley community approximately 115 miles from Long Beach. The city has high-end residential and resort properties. C&S serves Rancho Mirage for major scheduled demolition projects with advance planning.
Ontario,San Bernardino,91761,ontario,34.0633,-117.6509,"Rancho Cucamonga, Pomona, Fontana",City of Ontario Building & Safety,(909) 395-2036,ontarioca.gov/permits,"Downtown Ontario, Ontario Ranch, Creekside, New Model Colony",Ontario is approximately 45-50 minutes from Long Beach via the 60 or 10 freeway. The city has significant industrial development near the airport and residential growth in Ontario Ranch. New Model Colony is a large master-planned community. C&S serves Ontario regularly for demolition projects.
Rancho Cucamonga,San Bernardino,91730,rancho-cucamonga,34.1064,-117.5931,"Ontario, Fontana, Upland",City of Rancho Cucamonga Building & Safety,(909) 477-2710,cityofrc.us/building,"Etiwanda, Alta Loma, Cucamonga, Victoria Gardens area",Rancho Cucamonga is approximately 50-55 minutes from Long Beach. The city has older Etiwanda and Alta Loma areas alongside newer development near Victoria Gardens. Many 1970s-1980s properties have aging pools and detached structures. HOA communities are common throughout RC.
Fontana,San Bernardino,92335,fontana,34.0922,-117.4350,"Rancho Cucamonga, Rialto, Ontario",City of Fontana Building & Safety,(909) 350-7610,fontana.org/building,"North Fontana, South Fontana, Arrow Route Corridor, Sierra Lakes",Fontana is approximately 50-55 minutes from Long Beach. The city has a mix of industrial and residential. Many older homes from the 1960s-1980s have aging infrastructure. Sierra Lakes is a newer planned community. C&S serves Fontana for demolition projects throughout the city.
San Bernardino,San Bernardino,92401,san-bernardino,34.1083,-117.2898,"Rialto, Highland, Colton",City of San Bernardino Building & Safety,(909) 384-5071,sbcity.org/permits,"Downtown San Bernardino, Arrowhead Springs, Verdemont, Del Rosa",San Bernardino is approximately 60-65 minutes from Long Beach. The city has an older downtown core undergoing revitalization and suburban residential areas. Many pre-1978 structures require asbestos and lead surveys. Verdemont is a hillside neighborhood with grading requirements. C&S serves SB for scheduled projects.
Rialto,San Bernardino,92376,rialto,34.1064,-117.3703,"San Bernardino, Fontana, Colton",City of Rialto Building & Safety,(909) 820-2640,rialtoca.gov/building,"Downtown Rialto, Ayala Park area, North Rialto, Riverside Ave Corridor",Rialto is approximately 55 minutes from Long Beach. The city has older residential areas and significant industrial/logistics development. Standard residential demolitions proceed through the building department. Many 1960s-1970s homes have aging structures and pools. C&S serves Rialto for scheduled projects.
Colton,San Bernardino,92324,colton,34.0739,-117.3136,"San Bernardino, Rialto, Loma Linda",City of Colton Building & Safety,(909) 370-5079,ci.colton.ca.us/building,"Downtown Colton, Valle Lindo, South Colton, North Colton",Colton is approximately 60 minutes from Long Beach. The city has older residential and commercial properties. Many homes along the older established streets date to the 1950s-1970s. C&S serves Colton for scheduled demolition projects.
Highland,San Bernardino,92346,highland,34.1283,-117.2086,"San Bernardino, Redlands, Mentone",City of Highland Building & Safety,(909) 864-6861,ci.highland.ca.us/building,"Downtown Highland, North Highland, Fifth Street Corridor, Mountain area",Highland is approximately 65 minutes from Long Beach. The city borders San Bernardino and has a mix of residential and light commercial. Many homes are older construction. C&S serves Highland for scheduled demolition projects in the San Bernardino Valley.
Redlands,San Bernardino,92373,redlands,34.0556,-117.1825,"Highland, Loma Linda, Yucaipa",City of Redlands Building & Safety,(909) 798-7538,cityofredlands.org/building,"Downtown Redlands, Crafton Hills, Smiley Heights, Redlands Mall area",Redlands is approximately 65-70 minutes from Long Beach. The city has a charming historic downtown with Victorian architecture and orange grove heritage. Historic properties require special review. The city has older residential neighborhoods with potential asbestos in older structures.
Upland,San Bernardino,91786,upland,34.0975,-117.6483,"Rancho Cucamonga, Montclair, Ontario",City of Upland Building & Safety,(909) 931-4146,ci.upland.ca.us/building,"North Upland, Downtown Upland, Colonies Crossroads area, South Upland",Upland is approximately 50 minutes from Long Beach. The city has a historic downtown and newer development near Colonies Crossroads. Many properties have hillside exposures with mountain views. Standard residential demolitions proceed normally. Upland's downtown has older commercial properties.
Montclair,San Bernardino,91763,montclair,34.0778,-117.6897,"Upland, Ontario, Pomona",City of Montclair Building & Safety,(909) 625-9491,cityofmontclair.org/building,"Downtown Montclair, Central Montclair, Freeway Corridor, Moreno area",Montclair is approximately 45-50 minutes from Long Beach. The city has dense residential development and commercial centers. Many 1950s-1970s homes have aging structures. The city's building department is at City Hall. C&S serves Montclair for demolition projects.
Chino,San Bernardino,91710,chino,34.0122,-117.6889,"Chino Hills, Ontario, Montclair",City of Chino Building & Safety,(909) 334-3210,cityofchino.org/building,"Downtown Chino, Preserve, Central Chino, Chino Airport area",Chino is approximately 45-50 minutes from Long Beach. The Preserve is a newer master-planned community. Many older homes near downtown have aging infrastructure. Former dairy land is being converted to residential in parts of the city. C&S serves Chino for demolition projects.
Chino Hills,San Bernardino,91709,chino-hills,33.9939,-117.7258,"Chino, Diamond Bar, Pomona",City of Chino Hills Building & Safety,(909) 364-2740,chinohills.org/building,"Chino Hills Village, Carbon Canyon, Rolling Ridge, Butterfield Ranch",Chino Hills is approximately 45 minutes from Long Beach. The city is predominantly residential with hillside terrain requiring grading permits for many projects. Butterfield Ranch and Rolling Ridge are established planned communities. Properties on slopes need special permits. HOA communities throughout.
Victorville,San Bernardino,92392,victorville,34.5362,-117.2928,"Hesperia, Apple Valley, Adelanto",City of Victorville Building & Safety,(760) 955-5025,victorvilleca.gov/building,"Old Town Victorville, Spring Valley Lake, Bear Valley Road Corridor, Jess Ranch","Victorville is in the High Desert, approximately 80-90 minutes from Long Beach. The city has older downtown properties and newer master-planned communities. Desert conditions affect demolition planning. Spring Valley Lake is a lakefront HOA community. C&S serves Victorville for major scheduled projects."
Hesperia,San Bernardino,92345,hesperia,34.4264,-117.3009,"Victorville, Apple Valley, Adelanto",City of Hesperia Building & Safety,(760) 947-1613,cityofhesperia.us/building,"Hesperia Valley, Lime Street area, Hesperia Road Corridor, Summit Valley",Hesperia is in the High Desert approximately 80+ miles from Long Beach. The city has experienced rapid growth with newer residential development. Desert soil requires specific demolition considerations. C&S serves Hesperia for major scheduled projects.
Apple Valley,San Bernardino,92307,apple-valley,34.5008,-117.1858,"Victorville, Hesperia, Adelanto",Town of Apple Valley Building & Safety,(760) 240-7000,applevalley.org/building,"Apple Valley Village, Sitting Bull area, Yucca Loma, Happy Trails area",Apple Valley is a High Desert community approximately 85-90 miles from Long Beach. The town has large lot residential properties with rural character. Many properties have older outbuildings and structures. C&S serves Apple Valley for major scheduled demolition projects.
Yucaipa,San Bernardino,92399,yucaipa,34.0336,-117.0431,"Redlands, Calimesa, Beaumont",City of Yucaipa Building & Safety,(909) 797-2489,yucaipa.org/building,"Downtown Yucaipa, Chapman Heights, Wildwood Canyon, Calimesa border",Yucaipa is approximately 70 minutes from Long Beach. The city has a rural foothill character with horse properties and older residential. Chapman Heights is a newer master-planned community. C&S serves Yucaipa for scheduled demolition projects.
Loma Linda,San Bernardino,92354,loma-linda,34.0483,-117.2614,"Redlands, Colton, San Bernardino",City of Loma Linda Building & Safety,(909) 799-2840,lomalinda.ca.us/building,"Downtown Loma Linda, Bryn Mawr, Del Rosa, Mountain View",Loma Linda is home to Loma Linda University and Medical Center. The city has a health-focused community with active development around the medical campus. Standard residential demolitions proceed through the building department. Approximately 60-65 minutes from Long Beach.
